"統計期","統計項"," 總平均"," 單人","夫婦","單親","核心","祖孫","三代","其他"
"101年","家庭戶數(戶)",1007687,60043,173934,105456,456066,11146,119453,81589
"101年","每戶人數(人)",3.21,1.00,2.00,2.49,3.71,2.59,5.04,3.00
"101年","每戶成年人數(人)",2.64,1.00,2.00,2.18,2.91,1.77,3.75,2.81
"101年","每戶就業人數(人)",1.39,0.42,0.53,1.25,1.76,0.50,1.91,1.39
"101年","每戶所得收入者人數(人)",1.71,1.00,1.28,1.52,1.92,1.23,2.10,1.72
"101年","所得收入總計(元)",1570778,729159,1220907,1116680,1885299,997382,1813417,1487924
"101年","一、按所得來源別分/(一)受僱人員報酬",947142,332167,536575,649176,1243327,295300,1102493,866107
"101年","1.本業薪資",684856,227822,286211,501945,928661,148525,818413,622369
"101年","2.兼業薪資",72472,45113,153116,26316,56290,99868,61092,83719
"101年","3.其他收入",189815,59232,97248,120915,258376,46907,222988,160019
"101年","一、按所得來源別分/(二)產業主所得",169414,27289,103569,116693,220879,38052,187640,186105
"101年","一、按所得來源別分/(三)財產所得收入",110376,67962,173429,51051,116276,157900,92903,69959
"101年","一、按所得來源別分/(四)自用住宅設算租金收入",103247,76916,107333,77915,106488,85704,110759,119946
"101年","一、按所得來源別分/(五)經常移轉收入",240357,224543,299795,221603,198036,420067,319479,245699
"101年","1.從私人",98844,165595,168644,102541,59741,261014,100136,90673
"101年","2.從政府",46281,25652,42492,47176,42849,50022,73877,46658
"101年","3.社會保險受益",93675,33253,87182,71752,94668,103670,143263,100797
"101年","4.從企業",845,43,662,134,777,-,927,3114
"101年","5.從國外",712,-,815,-,-,5360,1276,4456
"101年","一、按所得來源別分/(六)雜項收入",241,282,207,241,294,360,143,110
"101年","二、按支出別分/(一)非消費支出(元)",292500,114347,205345,174579,379257,115034,315822,266964
"101年","1.利息支出",17272,11974,9729,11501,23738,4815,15983,12160
"101年","2.經常移轉支出",275227,102373,195616,163078,355519,110220,299839,254804
"101年","(1)對私人",88527,45860,81396,45579,108252,56871,79673,97671
"101年","(2)對政府",61229,20772,58341,29069,81818,16119,48423,48553
"101年","(3)社會保險",121963,33523,52620,84334,162152,37157,165471,106752
"101年","(4)對國外",3508,2218,3259,4097,3298,73,6271,1827
"101年","二、按支出別分/(二)消費支出(元)",973747,505660,768944,768644,1117962,801784,1188165,923364
"101年"," 1.食品及非酒精飲料",146586,54664,109857,116946,166781,131264,200210,141544
"101年"," 2.菸酒及檳榔",7484,2873,4817,5042,8819,3708,10789,7940
"101年"," 3.衣著鞋襪及服飾用品",26975,11777,19045,19297,32620,14852,33510,25527
"101年"," 4.住宅服務、水電瓦斯及其他燃料",291037,215472,284752,253499,303667,293401,311464,307732
"101年"," (1)房地租及水費",268357,202482,266240,234252,278875,272608,282555,285265
"101年"," (2)電費及燃料",22680,12989,18512,19247,24792,20793,28909,22466
"101年"," 5.家具設備及家務維護",25643,15493,24531,17672,29233,17760,29915,20541
"101年"," 6.醫療保健",116812,48278,111614,90831,120883,110184,164041,120920
"101年"," 7.交通",75845,43648,44614,51051,98702,34861,87254,59300
"101年"," (1)個人交通工具之購置",5467,14409,554,1073,9411,2762,840,132
"101年"," (2)個人交通設備使用管理及保養費",45324,17371,28067,26877,58934,11270,57574,37168
"101年"," (3)乘交通設備及其他交通服務",21547,9974,13572,21517,25671,19865,24934,19326
"101年"," (4)汽、機車保險費",3508,1894,2421,1584,4686,964,3905,2674
"101年"," 8.通訊",30631,13788,17172,26741,38175,19699,37222,26416
"101年"," 9.休閒與文化",69412,27005,58657,47309,87087,47998,71107,53760
"101年"," (1)套裝旅遊(不含自助旅遊)",36406,11501,34182,23132,45512,21938,34639,30302
"101年"," (2)娛樂消遣及文化服務",14496,9709,12431,10952,16928,10507,16153,11524
"101年"," (3)書報雜誌文具",6940,1383,3170,4726,9700,6530,8297,4570
"101年"," (4)教育消遣康樂器材及其附屬品",11570,4412,8874,8499,14948,9023,12018,7364
"101年"," 10.教育",40036,261,377,23859,61117,37783,63938,22241
"101年"," 11.餐廳及旅館",86372,44237,50560,71922,104846,50806,108183,82061
"101年"," 12.什項消費",56913,28164,42949,44475,66032,39467,70533,55384
"101年"," 可支配所得(元)",1278278,614812,1015562,942101,1506042,882348,1497595,1220961
"101年"," 消費支出(元)",973747,505660,768944,768644,1117962,801784,1188165,923364
"101年"," 儲蓄(元)",304531,109153,246618,173457,388080,80563,309430,297597
"101年"," 所得總額(元)",1683958,798506,1338446,1211046,2002164,1134463,1939539,1605579
"102年","家庭戶數(戶)",1021435,70985,182184,107166,446761,6139,117523,90676
"102年","每戶人數(人)",3.13,1.00,2.00,2.46,3.66,2.91,4.99,2.82
"102年","每戶成年人數(人)",2.63,1.00,2.00,2.07,2.98,2.24,3.79,2.68
"102年","每戶就業人數(人)",1.33,0.30,0.52,1.16,1.75,0.66,1.87,1.28
"102年","每戶所得收入者人數(人)",1.69,1.00,1.25,1.47,1.93,1.41,2.12,1.68
"102年","所得收入總計(元)",1545415,669158,1297011,1111977,1847481,1028964,1815231,1439718
"102年","一、按所得來源別分/(一)受僱人員報酬",900911,196901,474660,654654,1221414,345980,1059235,852745
"102年","1.本業薪資",653063,138655,289345,505022,893249,217931,792052,627421
"102年","2.兼業薪資",64999,21200,95911,21042,73404,79085,42071,76482
"102年","3.其他收入",182849,37046,89404,128590,254762,48964,225112,148842
"102年","一、按所得來源別分/(二)產業主所得",188156,35194,160752,110846,227970,182956,284232,133992
"102年","一、按所得來源別分/(三)財產所得收入",95241,82384,198559,50179,76308,73419,74801,72233
"102年","一、按所得來源別分/(四)自用住宅設算租金收入",102749,88312,120186,76407,103657,85860,105353,103442
"102年","一、按所得來源別分/(五)經常移轉收入",258134,266061,342645,219779,217952,340676,291298,276867
"102年","1.從私人",103324,159750,191862,97474,59975,231107,82091,120627
"102年","2.從政府",46918,39774,40692,50286,43615,61146,69792,46698
"102年","3.社會保險受益",104314,62195,108357,68834,112449,43335,134196,96415
"102年","4.從企業",924,-,361,343,1464,-,69,1972
"102年","5.從國外",2654,4343,1373,2842,448,5088,5151,11154
"102年","一、按所得來源別分/(六)雜項收入",224,306,210,112,179,73,312,440
"102年","二、按支出別分/(一)非消費支出(元)",266220,98480,216740,170905,340063,88756,292190,224126
"102年","1.利息支出",17493,14177,17172,13363,20708,-,12709,17161
"102年","2.經常移轉支出",248726,84302,199568,157542,319354,88756,279481,206965
"102年","(1)對私人",70150,37135,63652,34753,91322,21298,62860,59330
"102年","(2)對政府",50824,17507,49807,28458,64420,18315,49071,42869
"102年","(3)社會保險",125165,29394,77707,94031,161607,49058,166918,103771
"102年","(4)對國外",2587,267,8401,300,2006,85,633,996
"102年","二、按支出別分/(二)消費支出(元)",1001798,524530,849279,769116,1151608,842053,1218612,948552
"102年"," 1.食品及非酒精飲料",149101,60500,116905,118495,169600,131589,210256,140251
"102年"," 2.菸酒及檳榔",7423,3250,5271,5933,8505,4217,11293,6640
"102年"," 3.衣著鞋襪及服飾用品",28670,10388,20393,21529,35935,25015,35142,24116
"102年"," 4.住宅服務、水電瓦斯及其他燃料",301708,243740,311957,258582,314614,284750,314608,298300
"102年"," (1)房地租及水費",277375,229575,290203,238508,288257,260657,283807,274130
"102年"," (2)電費及燃料",24333,14165,21754,20074,26357,24093,30800,24170
"102年"," 5.家具設備及家務維護",28088,12813,30390,18111,30571,26769,32250,29673
"102年"," 6.醫療保健",121531,51535,114474,81223,133793,120369,158206,130272
"102年"," 7.交通",73623,23710,48576,47899,95027,31345,96787,60804
"102年"," (1)個人交通工具之購置",4662,1624,610,3781,6782,-,6087,4244
"102年"," (2)個人交通設備使用管理及保養費",44869,10134,30034,23355,59103,6941,63156,36028
"102年"," (3)乘交通設備及其他交通服務",20820,10967,15710,19278,24823,19209,22911,18297
"102年"," (4)汽、機車保險費",3272,985,2221,1484,4320,5195,4634,2235
"102年"," 8.通訊",31984,11168,18672,26508,40073,19705,41426,30231
"102年"," 9.休閒與文化",72068,30142,66485,48151,89884,44568,70818,60071
"102年"," (1)套裝旅遊(不含自助旅遊)",40534,14585,43228,24772,50051,17590,36101,34472
"102年"," (2)娛樂消遣及文化服務",14224,7997,11943,11112,17233,13724,14856,11748
"102年"," (3)書報雜誌文具",6570,2209,3309,4471,8811,7239,9235,4479
"102年"," (4)教育消遣康樂器材及其附屬品",10739,5350,8004,7796,13789,6014,10626,9373
"102年"," 10.教育",35299,36,127,24591,54819,29275,63634,13733
"102年"," 11.餐廳及旅館",87337,42448,61029,72205,105444,66802,101620,86884
"102年"," 12.什項消費",64968,34799,55001,45889,73343,57648,82572,67578
"102年"," 可支配所得(元)",1279195,570678,1080271,941072,1507418,940208,1523041,1215592
"102年"," 消費支出(元)",1001798,524530,849279,769116,1151608,842053,1218612,948552
"102年"," 儲蓄(元)",277397,46148,230992,171956,355810,98155,304429,267040
"102年"," 所得總額(元)",1659231,762307,1421619,1208497,1963561,1120378,1935325,1550701
"103年","家庭戶數(戶)",1031465,63809,197726,98038,465108,8765,114946,83072
"103年","每戶人數(人)",3.13,1.00,2.00,2.33,3.66,2.64,4.93,2.99
"103年","每戶成年人數(人)",2.59,1.00,2.00,2.05,2.89,1.82,3.70,2.77
"103年","每戶就業人數(人)",1.34,0.40,0.54,1.13,1.77,0.76,1.74,1.37
"103年","每戶所得收入者人數(人)",1.70,1.00,1.31,1.44,1.94,1.30,2.05,1.72
"103年","所得收入總計(元)",1575819,702657,1141302,1118880,1926486,1108034,1850579,1525833
"103年","一、按所得來源別分/(一)受僱人員報酬",966480,255782,471620,680084,1318636,348915,1142024,878807
"103年","1.本業薪資",700135,180777,271542,516281,972980,235658,832562,674315
"103年","2.兼業薪資",63425,21634,128686,23156,55968,41884,54841,43620
"103年","3.其他收入",202920,53371,71392,140647,289689,71372,254622,160873
"103年","一、按所得來源別分/(二)產業主所得",159504,68216,86187,87717,202959,269147,194441,185643
"103年","一、按所得來源別分/(三)財產所得收入",103796,75211,160522,49571,101608,97867,101241,71143
"103年","一、按所得來源別分/(四)自用住宅設算租金收入",106608,79878,120481,83581,107085,82806,120029,102560
"103年","一、按所得來源別分/(五)經常移轉收入",239317,223277,302436,217825,196088,308952,292689,287599
"103年","1.從私人",90701,146283,149020,97983,53152,166112,76589,122408
"103年","2.從政府",45851,33862,36911,48868,43324,49033,72862,49213
"103年","3.社會保險受益",100055,38433,114369,70543,98409,93807,140949,101435
"103年","4.從企業",632,231,281,430,977,-,470,371
"103年","5.從國外",2078,4467,1854,-,227,-,1820,14172
"103年","一、按所得來源別分/(六)雜項收入",115,292,56,102,109,348,155,81
"103年","二、按支出別分/(一)非消費支出(元)",283215,104789,170631,171480,377764,150105,327168,243963
"103年","1.利息支出",18777,9730,11772,12106,25137,20022,16185,18114
"103年","2.經常移轉支出",264438,95059,158859,159375,352627,130084,310983,225850
"103年","(1)對私人",67125,33728,53861,38298,85095,49479,66926,59897
"103年","(2)對政府",53812,14165,39270,27457,73551,25902,50261,47327
"103年","(3)社會保險",138312,33104,62943,92953,187614,54090,186625,118047
"103年","(4)對國外",5189,14062,2784,667,6367,612,7171,579
"103年","二、按支出別分/(二)消費支出(元)",1014262,513580,807501,770548,1163833,835207,1267835,1009196
"103年"," 1.食品及非酒精飲料",144205,56070,110497,112731,163732,136947,201199,141848
"103年"," 2.菸酒及檳榔",7566,3703,5103,5266,9496,6352,8364,7327
"103年"," 3.衣著鞋襪及服飾用品",30517,10883,20022,18889,37590,16216,39693,33509
"103年"," 4.住宅服務、水電瓦斯及其他燃料",301205,219222,308768,264705,309672,248146,323938,315989
"103年"," (1)房地租及水費",276729,205804,287675,244007,282957,226837,293301,291235
"103年"," (2)電費及燃料",24476,13418,21093,20698,26715,21309,30637,24754
"103年"," 5.家具設備及家務維護",28096,12310,23232,20615,32710,21648,33280,28307
"103年"," 6.醫療保健",126151,53064,122563,100183,130930,121442,171144,132965
"103年"," 7.交通",78606,29328,51187,45795,96569,28875,118449,69981
"103年"," (1)個人交通工具之購置",8245,7410,3438,5308,7323,-,26232,4942
"103年"," (2)個人交通設備使用管理及保養費",46043,9661,30380,21661,60031,14807,63022,41525
"103年"," (3)乘交通設備及其他交通服務",20581,11081,14402,17233,24497,12637,24270,20347
"103年"," (4)汽、機車保險費",3737,1175,2967,1593,4718,1430,4925,3167
"103年"," 8.通訊",32826,13024,19233,25009,41625,25606,40136,31002
"103年"," 9.休閒與文化",72027,32619,51667,43970,93426,47189,71881,66885
"103年"," (1)套裝旅遊(不含自助旅遊)",39285,16330,30851,20431,51862,23379,35406,35864
"103年"," (2)娛樂消遣及文化服務",16141,9454,11482,10973,20035,13091,17425,15212
"103年"," (3)書報雜誌文具",6315,1761,2827,4187,8826,6638,8068,4108
"103年"," (4)教育消遣康樂器材及其附屬品",10286,5074,6506,8380,12703,4082,10982,11702
"103年"," 10.教育",40479,1496,785,20637,64216,44998,60559,27155
"103年"," 11.餐廳及旅館",90433,43762,53087,76011,110379,68162,112629,92159
"103年"," 12.什項消費",62151,38101,41356,36738,73487,69626,86564,62068
"103年"," 可支配所得(元)",1292604,597868,970671,947400,1548722,957928,1523412,1281870
"103年"," 消費支出(元)",1014262,513580,807501,770548,1163833,835207,1267835,1009196
"103年"," 儲蓄(元)",278341,84288,163170,176852,384889,122721,255577,272674
"103年"," 所得總額(元)",1684110,773456,1253732,1216822,2035022,1199303,1978694,1638283
"104年","家庭戶數(戶)",1041379,77147,211750,106101,415627,11959,121895,96900
"104年","每戶人數(人)",3.08,1.00,2.00,2.45,3.64,2.83,5.00,2.95
"104年","每戶成年人數(人)",2.60,1.00,2.00,2.12,2.96,2.04,3.75,2.74
"104年","每戶就業人數(人)",1.31,0.33,0.49,1.26,1.74,0.52,1.96,1.42
"104年","每戶所得收入者人數(人)",1.76,1.00,1.36,1.52,2.01,1.17,2.36,1.76
"104年","所得收入總計(元)",1581899,652495,1243821,1196802,1944018,890226,2038441,1440136
"104年","一、按所得來源別分/(一)受僱人員報酬",939801,233989,501030,739730,1299059,398587,1230000,840421
"104年","1.本業薪資",661129,166625,239738,575340,936340,208550,909817,632173
"104年","2.兼業薪資",87871,27835,194113,21574,76465,155049,59946,51862
"104年","3.其他收入",190801,39529,67180,142816,286254,34987,260237,156385
"104年","一、按所得來源別分/(二)產業主所得",164648,29282,144515,104243,203681,-,213378,174148
"104年","一、按所得來源別分/(三)財產所得收入",111793,68702,158561,54637,115358,36245,146326,57072
"104年","一、按所得來源別分/(四)自用住宅設算租金收入",103554,75567,113308,80992,108005,70922,112464,102951
"104年","一、按所得來源別分/(五)經常移轉收入",261948,244806,326294,217050,217738,384209,336170,265318
"104年","1.從私人",104652,162332,172425,93193,59642,250297,86246,121414
"104年","2.從政府",47796,35282,39852,52312,45023,60083,74998,46333
"104年","3.社會保險受益",106811,46229,108407,69648,111848,73830,170822,94188
"104年","4.從企業",1190,-,2671,120,602,-,1106,2849
"104年","5.從國外",1499,963,2938,1777,624,-,2998,534
"104年","一、按所得來源別分/(六)雜項收入",156,149,113,150,177,263,102,225
"104年","二、按支出別分/(一)非消費支出(元)",267868,74848,165490,187577,366319,80990,350778,229665
"104年","1.利息支出",14894,4212,10495,11298,20314,2541,19929,8895
"104年","2.經常移轉支出",252974,70637,154996,176279,346005,78449,330849,220770
"104年","(1)對私人",61617,23647,58033,33370,78616,12682,67687,56095
"104年","(2)對政府",52807,15608,34591,30785,75101,24614,61723,42978
"104年","(3)社會保險",134827,31299,54774,110813,188016,41154,201006,118649
"104年","(4)對國外",3724,83,7597,1312,4272,-,433,3048
"104年","二、按支出別分/(二)消費支出(元)",1005898,504447,818739,794658,1181221,684646,1329166,926401
"104年"," 1.食品及非酒精飲料",149078,57590,112224,121647,170438,121849,228303,144564
"104年"," 2.菸酒及檳榔",6646,1867,4345,4589,8558,4233,9601,6110
"104年"," 3.衣著鞋襪及服飾用品",28686,11321,20329,20913,36346,15804,38226,26013
"104年"," 4.住宅服務、水電瓦斯及其他燃料",299256,236419,299795,261937,316337,233487,328576,286933
"104年"," (1)房地租及水費",276082,223969,279852,241554,291051,211637,297196,264332
"104年"," (2)電費及燃料",23173,12450,19943,20383,25286,21850,31380,22601
"104年"," 5.家具設備及家務維護",28927,11441,25897,21627,34484,14118,35040,27765
"104年"," 6.醫療保健",128925,53305,116395,85813,140223,87971,208822,119804
"104年"," 7.交通",70985,16613,45039,49596,94995,23698,97668,63682
"104年"," (1)個人交通工具之購置",5855,67,2497,3826,9463,527,5215,6006
"104年"," (2)個人交通設備使用管理及保養費",41248,5689,25940,26081,55842,8452,62267,34630
"104年"," (3)乘交通設備及其他交通服務",20187,10393,14058,17875,24658,13857,24775,19735
"104年"," (4)汽、機車保險費",3696,464,2545,1814,5031,861,5411,3311
"104年"," 8.通訊",30687,10253,18545,26409,39531,18466,41279,28420
"104年"," 9.休閒與文化",76286,33114,67913,56900,99003,31090,77960,56217
"104年"," (1)套裝旅遊(不含自助旅遊)",46482,17573,47191,33418,61097,10439,39575,32698
"104年"," (2)娛樂消遣及文化服務",15479,10141,12442,11191,18815,11200,19054,12779
"104年"," (3)書報雜誌文具",5626,1081,2632,4223,7907,6038,8915,3347
"104年"," (4)教育消遣康樂器材及其附屬品",8700,4319,5647,8066,11184,3413,10415,7392
"104年"," 10.教育",34710,439,322,28412,54929,56650,66577,14517
"104年"," 11.餐廳及旅館",89975,42877,60467,77330,111226,50482,113134,90396
"104年"," 12.什項消費",61738,29208,47468,39487,75151,26799,83980,61981
"104年"," 可支配所得(元)",1314031,577646,1078331,1009225,1577699,809236,1687662,1210470
"104年"," 消費支出(元)",1005898,504447,818739,794658,1181221,684646,1329166,926401
"104年"," 儲蓄(元)",308133,73199,259592,214568,396477,124591,358497,284069
"104年"," 所得總額(元)",1697894,737821,1363660,1289249,2068806,975506,2168555,1546241
"105年","家庭戶數(戶)",1045175,72809,231655,106200,444554,11008,99687,79261
"105年","每戶人數(人)",3.00,1.00,2.00,2.42,3.61,2.95,4.80,2.78
"105年","每戶成年人數(人)",2.56,1.00,2.00,2.17,2.94,2.10,3.64,2.69
"105年","每戶就業人數(人)",1.29,0.44,0.43,1.18,1.79,0.72,1.82,1.33
"105年","每戶所得收入者人數(人)",1.75,1.00,1.33,1.50,2.05,1.57,2.19,1.79
"105年","所得收入總計(元)",1568945,775141,1190534,1116707,1944022,1033660,1912495,1548609
"105年","一、按所得來源別分/(一)受僱人員報酬",879117,304721,427320,592114,1244828,362817,1092258,864237
"105年","1.本業薪資",631891,218184,222129,459688,920537,260311,818164,638647
"105年","2.兼業薪資",70693,27179,146577,21698,58156,46216,51291,52647
"105年","3.其他收入",176534,59358,58613,110729,266135,56291,222803,172942
"105年","一、按所得來源別分/(二)產業主所得",191266,74956,135915,115158,244832,123102,272488,168732
"105年","一、按所得來源別分/(三)財產所得收入",119970,73017,168915,57399,117831,86736,111110,131642
"105年","一、按所得來源別分/(四)自用住宅設算租金收入",107442,91205,115854,89790,107421,91345,117333,111334
"105年","一、按所得來源別分/(五)經常移轉收入",271027,231177,342354,262167,228987,369457,319234,272529
"105年","1.從私人",103702,153267,173788,112856,58598,193921,82023,108783
"105年","2.從政府",44848,29344,38317,51448,42711,36888,71019,49504
"105年","3.社會保險受益",120943,46442,129863,97605,125941,137886,163008,111289
"105年","4.從企業",630,1044,88,258,1035,762,555,134
"105年","5.從國外",904,1081,297,-,701,-,2629,2819
"105年","一、按所得來源別分/(六)雜項收入",123,63,176,79,122,202,72,136
"105年","二、按支出別分/(一)非消費支出(元)",248111,92529,140732,151014,347525,93598,291773,243918
"105年","1.利息支出",12548,4724,8589,9109,17084,-,12413,12383
"105年","2.經常移轉支出",235563,87805,132143,141905,330442,93598,279360,231535
"105年","(1)對私人",58980,30066,43523,25603,82132,29895,50312,60529
"105年","(2)對政府",49278,24115,36912,26030,67579,15909,44117,48163
"105年","(3)社會保險",125318,32812,47992,90122,178267,47690,184761,122491
"105年","(4)對國外",1987,812,3716,149,2464,104,170,352
"105年","二、按支出別分/(二)消費支出(元)",1025150,570474,850125,803660,1205080,782312,1289136,943662
"105年"," 1.食品及非酒精飲料",149185,59244,117114,119729,175962,138394,212282,136967
"105年"," 2.菸酒及檳榔",6637,2321,4302,4419,8566,4327,9249,6615
"105年"," 3.衣著鞋襪及服飾用品",29069,14542,21091,19798,36776,21534,34870,28683
"105年"," 4.住宅服務、水電瓦斯及其他燃料",302805,254003,301653,274372,315903,241903,329282,290787
"105年"," (1)房地租及水費",281801,241040,283475,255955,292873,222921,300995,270921
"105年"," (2)電費及燃料",21004,12963,18178,18416,23031,18982,28287,19866
"105年"," 5.家具設備及家務維護",29161,15620,24223,17901,36584,24792,31564,27063
"105年"," 6.醫療保健",135370,61364,132484,116654,144855,99897,186275,124564
"105年"," 7.交通",68288,25185,43722,47865,91633,46007,85602,57434
"105年"," (1)個人交通工具之購置",3626,1086,1252,4481,6340,193,1249,-
"105年"," (2)個人交通設備使用管理及保養費",38958,10719,25075,23106,52655,27191,52044,35064
"105年"," (3)乘交通設備及其他交通服務",21994,12679,14780,17997,27506,16933,28018,19201
"105年"," (4)汽、機車保險費",3710,702,2615,2282,5131,1690,4291,3169
"105年"," 8.通訊",30137,12359,18304,24698,38940,21193,39948,27874
"105年"," 9.休閒與文化",76807,31966,68428,42230,100365,46744,72455,66338
"105年"," (1)套裝旅遊(不含自助旅遊)",48080,16736,48370,23096,62698,26291,39839,40897
"105年"," (2)娛樂消遣及文化服務",14214,8815,11189,9721,18006,11031,14233,13180
"105年"," (3)書報雜誌文具",5225,1298,2220,3281,7504,5016,8803,2973
"105年"," (4)教育消遣康樂器材及其附屬品",9289,5116,6648,6132,12158,4406,9579,9289
"105年"," 10.教育",33161,843,397,17027,56919,36562,62692,9362
"105年"," 11.餐廳及旅館",101208,47875,67315,80694,124035,68637,140004,104439
"105年"," 12.什項消費",63321,45153,51091,38274,74540,32322,84914,63537
"105年"," 可支配所得(元)",1320834,682612,1049802,965693,1596496,940062,1620722,1304691
"105年"," 消費支出(元)",1025150,570474,850125,803660,1205080,782312,1289136,943662
"105年"," 儲蓄(元)",295684,112137,199677,162034,391416,157750,331586,361029
"105年"," 所得總額(元)",1688289,864216,1321546,1214353,2062638,1134042,2053454,1670263
"106年","家庭戶數(戶)",1049354,56563,221494,103208,445654,13027,115081,94327
"106年","每戶人數(人)",3.08,1.00,2.00,2.43,3.60,2.40,4.91,2.94
"106年","每戶成年人數(人)",2.62,1.00,2.00,2.17,2.94,1.88,3.73,2.83
"106年","每戶就業人數(人)",1.34,0.43,0.55,1.20,1.75,0.60,1.93,1.31
"106年","每戶所得收入者人數(人)",1.78,1.00,1.35,1.57,2.02,1.44,2.26,1.80
"106年","所得收入總計(元)",1648122,807408,1212235,1236403,1996512,1013367,2082653,1537798
"106年","一、按所得來源別分/(一)受僱人員報酬",966703,321482,470750,725371,1311223,398038,1282791,847428
"106年","1.本業薪資",700338,229370,266693,552383,977045,265706,954959,604964
"106年","2.兼業薪資",60971,36727,124798,27058,51635,72090,36024,35747
"106年","3.其他收入",205394,55385,79259,145931,282543,60242,291808,206718
"106年","一、按所得來源別分/(二)產業主所得",162862,38887,142844,73572,203056,-,204818,163306
"106年","一、按所得來源別分/(三)財產所得收入",124770,85606,137343,101834,135594,126509,123834,93588
"106年","一、按所得來源別分/(四)自用住宅設算租金收入",103099,90736,108519,84194,105440,94500,111249,98655
"106年","一、按所得來源別分/(五)經常移轉收入",290528,270458,352654,251062,241073,394304,359813,334655
"106年","1.從私人",107427,166368,182787,101772,56861,222446,99822,133611
"106年","2.從政府",44420,35150,33100,49152,43690,56843,66275,46450
"106年","3.社會保險受益",133893,65060,130908,98756,138338,115015,182530,142891
"106年","4.從企業",1020,551,636,1381,779,-,1044,3058
"106年","5.從國外",3768,3329,5223,-,1405,-,10142,8646
"106年","一、按所得來源別分/(六)雜項收入",160,239,125,369,125,16,148,164
"106年","二、按支出別分/(一)非消費支出(元)",303584,124097,188346,196108,398081,100077,385491,281121
"106年","1.利息支出",14733,11193,9513,8482,20222,2403,11513,15657
"106年","2.經常移轉支出",288850,112904,178833,187626,377860,97674,373977,265464
"106年","(1)對私人",87974,49167,77277,47004,109826,33265,99342,71634
"106年","(2)對政府",55534,24971,36562,35621,72448,20770,66136,52150
"106年","(3)社會保險",141426,38537,59594,104913,192080,43639,208032,128152
"106年","(4)對國外",3917,229,5400,88,3505,-,467,13527
"106年","二、按支出別分/(二)消費支出(元)",1080904,622008,841006,863007,1254762,774676,1386344,1006053
"106年"," 1.食品及非酒精飲料",153159,66210,120123,120561,174611,111543,216563,145584
"106年"," 2.菸酒及檳榔",8209,2592,4807,6306,10270,3138,11437,8675
"106年"," 3.衣著鞋襪及服飾用品",31440,13973,20613,20325,39928,15057,41931,28855
"106年"," 4.住宅服務、水電瓦斯及其他燃料",306342,265482,294136,273712,319019,283531,333000,305938
"106年"," (1)房地租及水費",284755,252880,275568,255229,295594,265760,304697,284825
"106年"," (2)電費及燃料",21587,12602,18569,18483,23424,17771,28303,21113
"106年"," 5.家具設備及家務維護",32302,16493,24960,23971,39035,19268,38513,30547
"106年"," 6.醫療保健",145265,71507,115193,108227,163044,108373,206845,146603
"106年"," 7.交通",77258,36718,53210,52165,97943,30144,101777,64357
"106年"," (1)個人交通工具之購置",4768,7283,1972,1188,5511,-,9178,5508
"106年"," (2)個人交通設備使用管理及保養費",44387,12210,30525,24581,59494,11979,58484,33802
"106年"," (3)乘交通設備及其他交通服務",24047,16085,17751,24639,27439,17268,28726,22154
"106年"," (4)汽、機車保險費",4057,1140,2962,1757,5499,897,5390,2893
"106年"," 8.通訊",31294,14457,20356,26037,38503,17649,40875,28956
"106年"," 9.休閒與文化",88190,46719,76276,69144,106437,50231,98389,68470
"106年"," (1)套裝旅遊(不含自助旅遊)",55523,30200,54264,44013,64468,30858,60504,41331
"106年"," (2)娛樂消遣及文化服務",16047,10163,11711,13229,19736,11292,17188,14673
"106年"," (3)書報雜誌文具",5676,1854,2571,4055,7842,4266,8349,3734
"106年"," (4)教育消遣康樂器材及其附屬品",10945,4504,7730,7847,14392,3815,12349,8732
"106年"," 10.教育",36106,422,268,18002,59878,25007,68170,11567
"106年"," 11.餐廳及旅館",106045,53169,67703,92660,128597,65240,139272,100977
"106年"," 12.什項消費",65294,34266,43361,51898,77497,45495,89571,65524
"106年"," 可支配所得(元)",1344538,683311,1023890,1040295,1598431,913290,1697163,1256677
"106年"," 消費支出(元)",1080904,622008,841006,863007,1254762,774676,1386344,1006053
"106年"," 儲蓄(元)",263634,61303,182883,177288,343669,138615,310818,250624
"106年"," 所得總額(元)",1767413,905696,1339162,1339777,2114001,1127294,2215248,1662191
"107年","家庭戶數(戶)",1053741,69129,167836,101348,485531,15275,115972,98652
"107年","每戶人數(人)",3.16,1.00,2.00,2.40,3.64,2.73,5.06,2.94
"107年","每戶成年人數(人)",2.70,1.00,2.00,2.18,3.01,1.90,3.90,2.78
"107年","每戶就業人數(人)",1.39,0.37,0.52,1.21,1.77,0.48,1.98,1.37
"107年","每戶所得收入者人數(人)",1.85,1.00,1.42,1.52,2.08,1.31,2.36,1.83
"107年","所得收入總計(元)",1649348,809950,1158512,1305646,1956538,1041452,2068613,1515053
"107年","一、按所得來源別分/(一)受僱人員報酬",965616,273457,456759,706150,1271741,290331,1223072,878158
"107年","1.本業薪資",711891,189378,252315,535736,954619,167055,944000,657749
"107年","2.兼業薪資",57923,37713,133045,28876,47911,85732,29173,52890
"107年","3.其他收入",195802,46366,71399,141538,269212,37544,249899,167519
"107年","一、按所得來源別分/(二)產業主所得",181040,34496,99587,170208,220549,71866,272443,148431
"107年","一、按所得來源別分/(三)財產所得收入",109807,133873,128119,90457,111607,53206,93767,100428
"107年","一、按所得來源別分/(四)自用住宅設算租金收入",111038,87470,117409,98042,115178,102675,119320,101249
"107年","一、按所得來源別分/(五)經常移轉收入",281747,280574,356506,240574,237398,523305,359856,286729
"107年","1.從私人",99706,146732,176793,87222,62171,317629,95303,104599
"107年","2.從政府",41218,30809,28452,44548,39352,47891,67408,44170
"107年","3.社會保險受益",134835,80015,146168,99908,132973,156264,186568,134886
"107年","4.從企業",1492,307,189,53,2223,1521,2014,1802
"107年","5.從國外",4496,22710,4904,8843,680,-,8563,1273
"107年","一、按所得來源別分/(六)雜項收入",101,81,132,215,65,70,155,57
"107年","二、按支出別分/(一)非消費支出(元)",270043,105022,151720,182510,354355,70199,322535,231179
"107年","1.利息支出",11137,5601,7163,7718,15299,3708,10985,6135
"107年","2.經常移轉支出",258905,99421,144557,174793,339056,66491,311550,225044
"107年","(1)對私人",64990,28291,49207,37697,85125,18675,60777,58622
"107年","(2)對政府",52074,25815,35353,30253,68575,13344,56414,41020
"107年","(3)社會保險",137304,36198,58104,106588,178443,34472,194077,121157
"107年","(4)對國外",4538,9117,1893,255,6913,-,282,4245
"107年","二、按支出別分/(二)消費支出(元)",1082626,607590,859713,872968,1226000,856208,1378412,991828
"107年"," 1.食品及非酒精飲料",159108,71773,125093,125315,176986,136384,225472,150409
"107年"," 2.菸酒及檳榔",7723,2858,5246,5024,9014,7734,10629,8342
"107年"," 3.衣著鞋襪及服飾用品",28312,12701,17584,21496,34586,16767,35807,26603
"107年"," 4.住宅服務、水電瓦斯及其他燃料",310679,251291,307932,280837,323842,277075,333218,301542
"107年"," (1)房地租及水費",290089,239455,290570,262822,301516,260022,306826,281507
"107年"," (2)電費及燃料",20589,11836,17362,18016,22326,17053,26392,20036
"107年"," 5.家具設備及家務維護",28365,19159,21923,19443,32757,16760,34525,27875
"107年"," 6.醫療保健",150546,84336,135812,107249,159542,174941,210911,147475
"107年"," 7.交通",74928,24749,50688,50456,93725,38102,96557,64236
"107年"," (1)個人交通工具之購置",3188,530,504,1999,3596,-,10784,401
"107年"," (2)個人交通設備使用管理及保養費",43240,9537,28335,22300,57080,16668,54039,37030
"107年"," (3)乘交通設備及其他交通服務",24425,13844,19074,23937,27614,19499,26916,23584
"107年"," (4)汽、機車保險費",4074,838,2774,2220,5435,1936,4818,3221
"107年"," 8.通訊",28796,12553,19226,23556,34255,18662,36083,27978
"107年"," 9.休閒與文化",87803,44713,67113,64374,107810,37013,103756,67912
"107年"," (1)套裝旅遊(不含自助旅遊)",54623,21100,46891,39095,66567,19724,66580,39777
"107年"," (2)娛樂消遣及文化服務",17933,12453,11494,13769,21802,8808,21009,15756
"107年"," (3)書報雜誌文具",5133,1805,2313,4287,6614,3928,7617,3109
"107年"," (4)教育消遣康樂器材及其附屬品",10115,9354,6415,7223,12827,4553,8550,9270
"107年"," 10.教育",37397,246,941,28336,56995,28962,61375,11417
"107年"," 11.餐廳及旅館",112002,50235,69640,103188,131535,74507,147429,104433
"107年"," 12.什項消費",56968,32977,38515,43692,64953,29300,82648,53607
"107年"," 可支配所得(元)",1379305,704928,1006792,1123136,1602183,971253,1746078,1283874
"107年"," 消費支出(元)",1082626,607590,859713,872968,1226000,856208,1378412,991828
"107年"," 儲蓄(元)",296679,97338,147079,250168,376183,115046,367666,292046
"107年"," 所得總額(元)",1767002,905107,1286867,1405043,2072546,1171306,2207431,1630353
"108年","家庭戶數(戶)",1058621,81071,167161,96720,486688,7916,114239,104826
"108年","每戶人數(人)",3.10,1.00,2.00,2.33,3.61,2.74,4.89,2.87
"108年","每戶成年人數(人)",2.66,1.00,2.00,2.14,3.01,2.01,3.71,2.70
"108年","每戶就業人數(人)",1.41,0.45,0.65,1.17,1.76,0.59,2.02,1.31
"108年","每戶所得收入者人數(人)",1.92,1.00,1.53,1.57,2.15,1.67,2.48,1.88
"108年","所得收入總計(元)",1723021,850549,1336416,1304917,2005196,1307972,2082194,1729880
"108年","一、按所得來源別分/(一)受僱人員報酬",1031478,346911,612616,773871,1309423,405823,1278917,953678
"108年","1.本業薪資",750145,235429,373046,573674,969648,231892,973311,689202
"108年","2.兼業薪資",55953,40567,125150,19582,46127,120848,37929,51430
"108年","3.其他收入",225380,70916,114420,180615,293647,53083,267677,213045
"108年","一、按所得來源別分/(二)產業主所得",167475,80852,125828,109560,200765,182205,220380,140988
"108年","一、按所得來源別分/(三)財產所得收入",141013,106951,190912,78823,139052,144509,106807,191283
"108年","一、按所得來源別分/(四)自用住宅設算租金收入",106865,82671,113408,87756,106523,106729,123127,116645
"108年","一、按所得來源別分/(五)經常移轉收入",276093,232877,293547,254853,249362,468706,352890,327150
"108年","1.從私人",92582,133674,126118,96036,64363,264263,89215,125856
"108年","2.從政府",38483,29482,24246,41859,38429,39293,57985,43975
"108年","3.社會保險受益",142635,67072,140160,115754,143894,165149,204071,155323
"108年","4.從企業",1174,-,524,142,1746,-,1619,1017
"108年","5.從國外",1219,2649,2499,1062,930,-,-,980
"108年","一、按所得來源別分/(六)雜項收入",98,286,105,54,72,-,73,137
"108年","二、按支出別分/(一)非消費支出(元)",300621,132112,216048,208924,369009,111222,349289,294167
"108年","1.利息支出",14529,8704,13419,8086,17757,4446,15957,10971
"108年","2.經常移轉支出",286092,123408,202629,200839,351252,106776,333332,283196
"108年","(1)對私人",75568,45058,73962,43686,88104,38926,84686,65766
"108年","(2)對政府",60384,29227,48695,44710,72837,15265,47325,77403
"108年","(3)社會保險",147052,44286,74712,112362,187171,52361,201115,135861
"108年","(4)對國外",3089,4837,5260,80,3140,224,206,4167
"108年","二、按支出別分/(二)消費支出(元)",1152501,603743,947708,906622,1305140,1033393,1433935,1123950
"108年"," 1.食品及非酒精飲料",161150,67176,125102,126591,183095,140601,229784,148073
"108年"," 2.菸酒及檳榔",8371,5063,5174,7742,9258,5253,12502,8220
"108年"," 3.衣著鞋襪及服飾用品",32881,12137,25536,24482,39226,25987,41354,30211
"108年"," 4.住宅服務、水電瓦斯及其他燃料",306002,249067,303484,274160,319021,265449,318324,312622
"108年"," (1)房地租及水費",286574,237443,286938,256840,298060,248715,293700,293193
"108年"," (2)電費及燃料",19428,11625,16546,17321,20961,16734,24625,19429
"108年"," 5.家具設備及家務維護",35623,19549,34575,23834,40800,21910,40708,32054
"108年"," 6.醫療保健",155722,78894,130118,129447,161810,139680,219765,183363
"108年"," 7.交通",82268,33965,58826,56492,100303,146889,100142,72692
"108年"," (1)個人交通工具之購置",4715,968,1196,1286,5613,95004,5853,4159
"108年"," (2)個人交通設備使用管理及保養費",48122,17531,33368,28863,60118,31595,63458,41919
"108年"," (3)乘交通設備及其他交通服務",25151,13780,20665,24290,29235,18683,25285,23276
"108年"," (4)汽、機車保險費",4280,1686,3598,2053,5338,1607,5546,3338
"108年"," 8.通訊",28480,12707,19978,23302,34068,17984,36030,25636
"108年"," 9.休閒與文化",108796,42352,98396,65671,134795,85439,109687,96639
"108年"," (1)套裝旅遊(不含自助旅遊)",72146,25277,68340,38992,88934,54900,71220,69416
"108年"," (2)娛樂消遣及文化服務",19444,9508,16795,13780,24126,18354,19378,15001
"108年"," (3)書報雜誌文具",4757,1197,2355,2823,6510,6834,6720,2687
"108年"," (4)教育消遣康樂器材及其附屬品",12449,6370,10906,10077,15225,5350,12369,9535
"108年"," 10.教育",34876,158,711,11332,53734,52847,67596,13363
"108年"," 11.餐廳及旅館",136809,51451,92198,109139,164468,81625,176373,132130
"108年"," 12.什項消費",61523,31224,53612,54429,64562,49728,81672,68945
"108年"," 可支配所得(元)",1422400,718437,1120369,1095993,1636187,1196750,1732905,1435713
"108年"," 消費支出(元)",1152501,603743,947708,906622,1305140,1033393,1433935,1123950
"108年"," 儲蓄(元)",269900,114694,172661,189371,331047,163357,298970,311763
"108年"," 所得總額(元)",1839410,939822,1457875,1410313,2123083,1436596,2201205,1858559
"109年","家庭戶數(戶)",1060320,92797,190353,116112,462075,5290,102968,90725
"109年","每戶人數(人)",3.01,1.00,2.00,2.43,3.58,2.50,4.93,2.90
"109年","每戶成年人數(人)",2.59,1.00,2.00,2.25,2.97,1.70,3.79,2.70
"109年","每戶就業人數(人)",1.40,0.50,0.73,1.30,1.78,0.30,1.95,1.32
"109年","每戶所得收入者人數(人)",1.89,1.00,1.55,1.70,2.15,1.20,2.46,1.88
"109年","所得收入總計(元)",1716591,830378,1474468,1293717,2030313,1006053,2114516,1664219
"109年","一、按所得來源別分/(一)受僱人員報酬",1044788,341937,671761,783685,1381121,220401,1304675,920633
"109年","1.本業薪資",759821,245205,441771,600614,1013715,172216,957500,674039
"109年","2.兼業薪資",63544,34805,110742,23138,66353,-,51810,48342
"109年","3.其他收入",221423,61928,119248,159933,301053,48185,295365,198252
"109年","一、按所得來源別分/(二)產業主所得",159857,88670,203755,97019,161599,-,177513,201398
"109年","一、按所得來源別分/(三)財產所得收入",127160,89158,166760,87527,130755,127923,120276,123128
"109年","一、按所得來源別分/(四)自用住宅設算租金收入",101987,87236,110869,85845,102388,121982,117911,97819
"109年","一、按所得來源別分/(五)經常移轉收入",282718,223228,321251,239573,254409,535747,393950,321121
"109年","1.從私人",88573,128561,133363,86359,56170,344866,85750,109820
"109年","2.從政府",46276,26433,31621,46930,48389,36866,72041,57021
"109年","3.社會保險受益",145644,67947,153739,106257,146688,154015,234410,151984
"109年","4.從企業",1673,287,2386,28,2355,-,1748,234
"109年","5.從國外",554,-,143,-,807,-,-,2061
"109年","一、按所得來源別分/(六)雜項收入",80,149,72,69,41,-,191,120
"109年","二、按支出別分/(一)非消費支出(元)",293735,114916,220560,192595,380731,95038,342858,272352
"109年","1.利息支出",13394,4554,15003,10107,17408,-,11001,6325
"109年","2.經常移轉支出",280340,110362,205558,182488,363323,95038,331857,266028
"109年","(1)對私人",74785,33255,69747,36067,93640,35640,75772,82513
"109年","(2)對政府",52778,23919,48442,31829,69489,20751,43997,44932
"109年","(3)社會保險",151214,41769,85229,114591,199782,38646,212088,138583
"109年","(4)對國外",1563,11419,2140,-,411,-,-,-
"109年","二、按支出別分/(二)消費支出(元)",1109351,573214,935794,893735,1271373,887116,1481142,1063622
"109年"," 1.食品及非酒精飲料",162847,65244,124779,138880,186897,152577,243573,159715
"109年"," 2.菸酒及檳榔",7722,4175,5945,5834,7987,2721,13128,10305
"109年"," 3.衣著鞋襪及服飾用品",29817,12674,20885,24751,35515,22024,42366,29766
"109年"," 4.住宅服務、水電瓦斯及其他燃料",303628,241403,305253,266498,320497,283763,331850,294601
"109年"," (1)房地租及水費",286669,230857,290692,251287,302001,266483,309686,277564
"109年"," (2)電費及燃料",16959,10546,14560,15211,18496,17280,22164,17037
"109年"," 5.家具設備及家務維護",35989,20208,36165,35076,38680,16357,36774,39480
"109年"," 6.醫療保健",157974,71749,148519,128868,166009,124245,250428,159361
"109年"," 7.交通",73614,24270,58600,47479,94633,28387,93921,61569
"109年"," (1)個人交通工具之購置",6243,608,5355,28,10249,-,7561,283
"109年"," (2)個人交通設備使用管理及保養費",41109,10184,32840,25314,53321,7551,54409,34972
"109年"," (3)乘交通設備及其他交通服務",22013,12498,16307,19863,25575,19689,26884,22936
"109年"," (4)汽、機車保險費",4249,981,4098,2275,5488,1147,5066,3378
"109年"," 8.通訊",25913,10696,19326,21975,30919,12191,34076,26379
"109年"," 9.休閒與文化",67334,28471,59384,47341,84299,29998,73560,58061
"109年"," (1)套裝旅遊(不含自助旅遊)",31741,10958,29745,19792,40465,14323,34262,26193
"109年"," (2)娛樂消遣及文化服務",18985,10939,14978,15603,23211,7882,20065,17855
"109年"," (3)書報雜誌文具",4348,1144,1944,3186,6134,4404,5898,3293
"109年"," (4)教育消遣康樂器材及其附屬品",12261,5429,12717,8760,14489,3389,13334,10721
"109年"," 10.教育",36500,955,599,16719,58887,33739,75197,15715
"109年"," 11.餐廳及旅館",149609,61176,109410,116282,180406,102875,204205,150961
"109年"," 12.什項消費",58404,32192,46930,44030,66644,78239,82063,57709
"109年"," 可支配所得(元)",1422856,715462,1253908,1101122,1649582,911015,1771657,1391866
"109年"," 消費支出(元)",1109351,573214,935794,893735,1271373,887116,1481142,1063622
"109年"," 儲蓄(元)",313505,142248,318114,207388,378209,23900,290516,328244
"109年"," 所得總額(元)",1831867,919288,1597725,1392574,2146806,1113550,2250302,1781718
"110年","家庭戶數(戶)",1057695,127955,231897,97109,432791,5321,62292,100330
"110年","每戶人數(人)",2.75,1.00,2.00,2.32,3.50,2.52,4.75,2.62
"110年","每戶成年人數(人)",2.43,1.00,2.00,2.12,2.98,2.31,3.66,2.43
"110年","每戶就業人數(人)",1.28,0.46,0.67,1.26,1.75,0.69,2.00,1.30
"110年","每戶所得收入者人數(人)",1.88,1.00,1.64,1.73,2.22,1.90,2.50,1.86
"110年","所得收入總計(元)",1732126,863683,1497872,1465276,2147788,1169487,2165932,1606879
"110年","一、按所得來源別分/(一)受僱人員報酬",1023320,368367,698735,882057,1398006,391631,1341093,965487
"110年","1.本業薪資",753082,261800,456092,680104,1047970,311450,999184,735290
"110年","2.兼業薪資",58394,35254,126936,38284,38571,14628,32517,52843
"110年","3.其他收入",211843,71313,115707,163669,311466,65553,309393,177353
"110年","一、按所得來源別分/(二)產業主所得",164916,53375,156697,126320,218380,-,198594,120735
"110年","一、按所得來源別分/(三)財產所得收入",150248,124111,213322,128418,145835,169212,112453,100417
"110年","一、按所得來源別分/(四)自用住宅設算租金收入",100359,68375,111633,86499,107774,105277,109883,90352
"110年","一、按所得來源別分/(五)經常移轉收入",293255,249396,317476,241939,277770,503366,403878,329845
"110年","1.從私人",90540,135115,119431,67981,62533,207209,91333,102884
"110年","2.從政府",52709,35874,38645,53251,56827,130839,90160,61003
"110年","3.社會保險受益",143849,69923,154694,112542,156049,165318,218207,143437
"110年","4.從企業",2516,76,2157,8165,2361,-,4179,762
"110年","5.從國外",3640,8408,2549,-,-,-,-,21758
"110年","一、按所得來源別分/(六)雜項收入",29,59,9,43,24,-,31,44
"110年","二、按支出別分/(一)非消費支出(元)",301554,113411,243557,215651,411511,108143,364435,255593
"110年","1.利息支出",14380,8350,9203,9175,21226,2683,15477,9477
"110年","2.經常移轉支出",287175,105061,234354,206475,390286,105460,348958,246116
"110年","(1)對私人",76014,30469,78309,54382,97635,21124,64272,66670
"110年","(2)對政府",60721,23852,67031,31145,78801,16941,63387,44461
"110年","(3)社會保險",147646,49525,86333,120948,209445,67394,221298,132282
"110年","(4)對國外",2793,1214,2681,-,4404,-,-,2703
"110年","二、按支出別分/(二)消費支出(元)",1066065,587482,936821,916993,1281489,848670,1397103,996166
"110年"," 1.食品及非酒精飲料",150788,65296,124880,120111,184431,126642,246558,146088
"110年"," 2.菸酒及檳榔",7248,3801,5911,6568,8897,4816,9643,6919
"110年"," 3.衣著鞋襪及服飾用品",28002,13737,21147,22539,36574,17388,35205,26435
"110年"," 4.住宅服務、水電瓦斯及其他燃料",314645,262609,320940,291289,331652,284041,329393,308173
"110年"," (1)房地租及水費",298724,252330,306366,276750,313628,270608,307988,292948
"110年"," (2)電費及燃料",15921,10278,14574,14539,18023,13433,21405,15224
"110年"," 5.家具設備及家務維護",41556,21609,41166,37735,48847,19055,45475,38900
"110年"," 6.醫療保健",161404,73298,153781,140644,186671,179959,238023,153930
"110年"," 7.交通",66433,23586,54046,54035,87634,23358,83477,61959
"110年"," (1)個人交通工具之購置",4003,19,3260,5956,4535,535,4533,6467
"110年"," (2)個人交通設備使用管理及保養費",40644,12715,33340,26236,55593,11348,54365,35635
"110年"," (3)乘交通設備及其他交通服務",17996,9736,13991,19268,22499,9460,19542,16627
"110年"," (4)汽、機車保險費",3791,1116,3455,2575,5007,2016,5037,3230
"110年"," 8.通訊",25239,11071,19227,23038,32128,14059,35650,23744
"110年"," 9.休閒與文化",43420,19620,36582,34678,57725,28984,51405,32139
"110年"," (1)套裝旅遊(不含自助旅遊)",8812,3992,8727,6459,11537,5368,9324,5546
"110年"," (2)娛樂消遣及文化服務",17715,9392,14904,14634,22740,11221,21097,14375
"110年"," (3)書報雜誌文具",3941,1178,2060,3264,5749,2858,6871,2910
"110年"," (4)教育消遣康樂器材及其附屬品",12952,5059,10891,10322,17699,9536,14112,9309
"110年"," 10.教育",31148,376,454,16371,59014,18579,60760,17715
"110年"," 11.餐廳及旅館",141084,62908,108298,125232,181154,88363,196201,127634
"110年"," 12.什項消費",55100,29571,50390,44752,66761,43425,65314,52530
"110年"," 可支配所得(元)",1430572,750272,1254316,1249625,1736277,1061344,1801497,1351286
"110年"," 消費支出(元)",1066065,587482,936821,916993,1281489,848670,1397103,996166
"110年"," 儲蓄(元)",364507,162790,317494,332632,454788,212674,404394,355120
"110年"," 所得總額(元)",1861512,948920,1642049,1590150,2281861,1297769,2310445,1733195
"111年","家庭戶數(戶)",1041655,142769,218697,105288,414227,3171,55381,102122
"111年","每戶人數(人)",2.71,1.00,2.00,2.33,3.52,2.68,4.68,2.69
"111年","每戶成年人數(人)",2.43,1.00,2.00,2.14,3.02,2.31,3.74,2.56
"111年","每戶就業人數(人)",1.24,0.43,0.69,1.29,1.75,0.67,1.74,1.19
"111年","每戶所得收入者人數(人)",1.90,1.00,1.69,1.73,2.27,1.82,2.56,1.92
"111年","所得收入總計(元)",1752411,908310,1489162,1380512,2223086,896785,2397421,1647285
"111年","一、按所得來源別分/(一)受僱人員報酬",1036747,393305,718898,815063,1483821,357273,1359532,878155
"111年","1.本業薪資",745286,275814,440676,603035,1095364,193821,995009,662317
"111年","2.兼業薪資",69833,43117,130270,42163,63251,108041,64615,34625
"111年","3.其他收入",221628,74373,147953,169865,325206,55411,299909,181212
"111年","一、按所得來源別分/(二)產業主所得",163310,91869,138405,154036,183614,99633,295388,174078
"111年","一、按所得來源別分/(三)財產所得收入",129941,107453,157980,78817,134929,8318,151799,125734
"111年","一、按所得來源別分/(四)自用住宅設算租金收入",102701,80973,111649,73362,109415,45456,126896,105588
"111年","一、按所得來源別分/(五)經常移轉收入",319700,234708,362227,259231,311306,386105,463787,363641
"111年","1.從私人",103167,122850,136341,78679,77194,213709,119516,122904
"111年","2.從政府",55696,45113,39420,65241,57537,45750,92640,68310
"111年","3.社會保險受益",158650,65245,185132,113543,173929,126646,249704,168670
"111年","4.從企業",1849,486,1334,1768,2519,-,1927,2233
"111年","5.從國外",339,1013,-,-,126,-,-,1524
"111年","一、按所得來源別分/(六)雜項收入",11,2,2,3,1,-,19,89
"111年","二、按支出別分/(一)非消費支出(元)",308146,133703,257282,202539,423411,79987,400861,259099
"111年","1.利息支出",15508,12227,16828,10063,20193,-,9064,7858
"111年","2.經常移轉支出",292638,121476,240455,192475,403218,79987,391798,251241
"111年","(1)對私人",76928,38953,75836,40887,103111,22351,83798,61278
"111年","(2)對政府",58419,26024,61930,26992,77037,6333,79399,43311
"111年","(3)社會保險",154259,54380,96625,124597,220071,51303,223399,146653
"111年","(4)對國外",3033,2118,6064,-,2999,-,5202,-
"111年","二、按支出別分/(二)消費支出(元)",1096896,609128,961802,890553,1340486,820287,1539042,1061613
"111年"," 1.食品及非酒精飲料",151765,63536,123543,136454,190921,142250,241252,144280
"111年"," 2.菸酒及檳榔",7533,3364,5719,7478,9407,6406,11519,7574
"111年"," 3.衣著鞋襪及服飾用品",27802,15095,20146,21274,37050,16660,39855,24991
"111年"," 4.住宅服務、水電瓦斯及其他燃料",321362,263846,330706,273613,344752,195743,373606,311679
"111年"," (1)房地租及水費",305328,253455,316335,258221,326332,177179,352325,296137
"111年"," (2)電費及燃料",16034,10391,14371,15392,18420,18564,21281,15542
"111年"," 5.家具設備及家務維護",39225,26381,39786,27027,45947,12409,46576,38140
"111年"," 6.醫療保健",170105,75079,166952,128795,199993,123274,256285,185777
"111年"," 7.交通",64842,25466,52849,45120,88410,28961,86805,59516
"111年"," (1)個人交通工具之購置",1344,10,1471,85,2487,-,690,-
"111年"," (2)個人交通設備使用管理及保養費",41334,13749,33868,26126,56799,9529,60679,39335
"111年"," (3)乘交通設備及其他交通服務",17445,10664,13313,16751,22241,18717,19111,16093
"111年"," (4)汽、機車保險費",4719,1043,4197,2159,6883,715,6325,4088
"111年"," 8.通訊",24755,13619,18135,20642,32519,19784,36290,21145
"111年"," 9.休閒與文化",48503,25295,37210,34325,65856,35229,64087,41326
"111年"," (1)套裝旅遊(不含自助旅遊)",12489,4890,9363,6710,18335,546,15160,10979
"111年"," (2)娛樂消遣及文化服務",18542,12172,15182,14736,23379,15297,23152,16553
"111年"," (3)書報雜誌文具",4122,1350,1569,3210,6405,7786,8376,2724
"111年"," (4)教育消遣康樂器材及其附屬品",13349,6882,11096,9669,17737,11600,17399,11070
"111年"," 10.教育",31093,509,219,23214,58333,35226,73547,14446
"111年"," 11.餐廳及旅館",157534,71012,121513,135162,202378,173474,226825,158728
"111年"," 12.什項消費",52378,25927,45024,37450,64920,30871,82394,54011
"111年"," 可支配所得(元)",1444264,774607,1231880,1177973,1799675,816798,1996559,1388186
"111年"," 消費支出(元)",1096896,609128,961802,890553,1340486,820287,1539042,1061613
"111年"," 儲蓄(元)",347368,165478,270078,287421,459189,-3489,457517,326572
"111年"," 所得總額(元)",1878183,1010450,1629264,1479259,2351908,990923,2557990,1773012


"資料來源：臺北市家庭收支訪問調查"
"說明："
"表列數字尾數採用四捨五入法計列,故細數之和與總數未必絕對相一致。"
"98年單親家庭係指該戶成員為父或母親其中一人,以及至少一位未婚子女所組成,但可能含有同住之已婚子女,或其他非直系親屬,如兄弟姊妹。"
"99年則修正定義為該戶成員為父或母親其中一人,以及均未婚子女所組成,不含其他親屬。"
